left_variant,right_variant,metric,seed_count,mean,std,ci95_low,ci95_high,statistically_indistinguishable,paired_seed_wins,paired_seed_ties
masked_building,margin_0,equal_event_macro_f1,5,-0.04607285859525286,0.0383078636859082,-0.09363072833004771,0.0014850111395419835,True,0,0
masked_building,margin_0,equal_event_recall_major_damage,5,-0.15428571428571428,0.11931398771476501,-0.3024098470173717,-0.006161581554056855,False,0,0
masked_building,margin_0,equal_event_recall_destroyed,5,-0.2648268398268398,0.1954847754352235,-0.5075143350500173,-0.022139344603662292,False,0,0
margin_12p5,margin_0,equal_event_macro_f1,5,0.008999164659683001,0.021868174107548398,-0.0181494068208815,0.03614773614024751,True,3,0
margin_12p5,margin_0,equal_event_recall_major_damage,5,-0.0361904761904762,0.26670067810315046,-0.3672900178252364,0.29490906544428397,True,3,0
margin_12p5,margin_0,equal_event_recall_destroyed,5,-0.02023809523809523,0.21082469142493876,-0.28196955836204446,0.24149336788585402,True,2,0
margin_12p5,masked_building,equal_event_macro_f1,5,0.05507202325493586,0.03540467056264553,0.011118365999937131,0.0990256805099346,False,5,0
margin_12p5,masked_building,equal_event_recall_major_damage,5,0.11809523809523807,0.16610108115541491,-0.08811343083932484,0.324303907029801,True,3,0
margin_12p5,masked_building,equal_event_recall_destroyed,5,0.2445887445887446,0.19472250529779928,0.0028475810168327453,0.48632990816065647,False,4,0
